"BONAIRE, SINT EUSTATIUS AND SABA"
BRITISH INDIAN OCEAN TERRITORY
HOLY SEE (VATICAN CITY STATES)
SOUTH GEORGIA N SOUTH SANDWICH
SVALBARD AND JAN MAYEN ISLANDS
St. Vincent and the Grenadines
TURKISH REP.OF NORTHERN CYPRUS
UNITED ARAB EMIRATES (U.A.E.)
DEMOCRATIC REP. OF THE CONGO
LAO PEOPLE'S DEMOCRATIC REP.
"TANZANIA, UNITED REPUBLIC OF"
FALKLAND ISLANDS (MALVINAS)
FRENCH SOUTHERN TERRITORIES
HEARD AND MCDONALD ISLANDS
IRAN (ISLAMIC REPUBLIC OF)
OTHER CENTRAL AMERICA AREA
SAINT MARTIN (FRENCH PART)
U S MINOR OUTLYING ISLANDS
SAINT PIERRE AND MIQUELON
SINT MAARTEN (DUTCH PART)
WALLIS AND FUTUNA ISLANDS
UNITED STATES OF AMERICA
CENTRAL AFRICAN REPUBLIC
EXCHANGE IN INTL AIRPORT
NORTHERN MARIANA ISLANDS
OTHER NORTH AMERICA AREA
OTHER SOUTH AMERICA AREA
TURKS AND CAICOS ISLANDS
VIRGIN ISLANDS (BRITISH)
COCOS (KEELING) ISLANDS
BOSNIA AND HERZEGOVINA
OTHER MIDDLE EAST AREA
REPUBLIC OF THE CONGO
SAINT KITTS AND NEVIS
SAO TOME AND PRINCIPE
"MOLDOVA, REPUBLIC OF"
SYRIAN ARAB REPUBLIC
UNITED ARAB EMIRATES
"VIRGIN ISLANDS, U.S."
ANTIGUA AND BARBUDA
OTHER EUROPEAN AREA
DOMINICAN REPUBLIC
OTHER OCEANIA AREA
BRUNEI DARUSSALAM
EQUATORIAL GUINEA
OTHER AFRICA AREA
TRINIDAD N TOBAGO
CHRISTMAS ISLAND
FRENCH POLYNESIA
MARSHALL ISLANDS
OTHER ASIAN AREA
PAPUA NEW GUINEA
SAINT BARTHELEMY
TAIWAN (R.O.C.)
CHANNEL ISLANDS
ISLAND OF NEVIS
North Macedonia
SLOVAK REPUBLIC
SOLOMON ISLANDS
UNITED KINGDOM
AMERICAN SAMOA
CAYMAN ISLANDS
CZECH REPUBLIC
NORFOLK ISLAND
"TUNISIA, AFRICA"
WESTERN SAHARA
UNITED STATES
ALAND ISLANDS
BOUVET ISLAND
COTE D'IVOIRE
FAROE ISLANDS
FRENCH GUIANA
GUINEA-BISSAU
LIECHTENSTEIN
NEW CALEDONIA
WESTERN SAMOA
SAUDI ARABIA
SOUTH AFRICA
BURKINA FASO
COOK ISLANDS
SAINT HELENA
SIERRA LEONE
TAIWAN (OBU)
TURKMENISTAN
NETHERLANDS
NEW ZEALAND
PHILIPPINES
SWITZERLAND
AFGHANISTAN
EL SALVADOR
ISLE OF MAN
NORTH KOREA
SOUTH KOREA
PUERTO RICO
SAINT LUCIA
SOUTH SUDAN
TIMOR-LESTE
BANGLADESH
ANTARCTICA
AZERBAIJAN
CAPE VERDE
COSTA RICA
GUADELOUPE
KAZAKHSTAN
KYRGYZSTAN
LUXEMBOURG
MADAGASCAR
MARTINIQUE
MAURITANIA
MICRONESIA
MONTENEGRO
MONTSERRAT
MOZAMBIQUE
SAN MARINO
SEYCHELLES
TAJIKISTAN
UZBEKISTAN
ARGENTINA
AUSTRALIA
INDONESIA
SINGAPORE
SRI LANKA
GIBRALTAR
GREENLAND
"GUAM, USA"
GUATEMALA
LITHUANIA
MAURITIUS
NICARAGUA
VENEZUELA
COLOMBIA
MALAYSIA
PAKISTAN
PORTUGAL
THAILAND
ANGUILLA
BARBADOS
BOTSWANA
BULGARIA
CAMBODIA
CAMEROON
DJIBOUTI
DOMINICA
ETHIOPIA
Eswatini
Guernsey
HONDURAS
KIRIBATI
MALDIVES
MONGOLIA
PARAGUAY
PITCAIRN
RAMALLAH
SLOVENIA
SURINAME
ZIMBABWE
AUSTRIA
DENMARK
FINLAND
GERMANY
NIGERIA
VIETNAM
ALBANIA
ALGERIA
ANDORRA
ARMENIA
BAHAMAS
BAHRAIN
BELARUS
BELGIUM
BERMUDA
BOLIVIA
BURUNDI
COMOROS
CROATIA
CURACAO
ECUADOR
ERITREA
ESTONIA
GEORGIA
GRENADA
HUNGARY
ICELAND
IRELAND
JAMAICA
LEBANON
LESOTHO
LIBERIA
MAYOTTE
MOROCCO
MYANMAR
NAMIBIA
REUNION
ROMANIA
SENEGAL
SOMALIA
TOKELAU
Turkiye
UKRAINE
URUGUAY
VANUATU
BRAZIL
CANADA
FRANCE
ISRAEL
MEXICO
NORWAY
P.R.C.
RUSSIA
SWEDEN
Taiwan
TURKEY
ANGOLA
BELIZE
BHUTAN
CYPRUS
GAMBIA
GREECE
GUINEA
GUYANA
JORDAN
Jersey
KOSOVO
KUWAIT
LATVIA
MALAWI
MONACO
PANAMA
POLAND
RWANDA
SERBIA
TUVALU
U.S.A.
UGANDA
ZAMBIA
CHILE
CHINA
EGYPT
INDIA
ITALY
JAPAN
KENYA
KOREA
MACAO
SPAIN
ARUBA
BENIN
GABON
GHANA
HAITI
Libya
MACAU
MALTA
NAURU
NEPAL
NIGER
PALAU
QATAR
SUDAN
TONGA
YEMEN
PERU
CHAD
CUBA
FIJI
IRAQ
MALI
NIUE
OMAN
TOGO
ARE
ARG
AUS
AUT
BGD
BRA
CAN
CHE
CHL
COL
DEU
DNK
EGY
ESP
FIN
FRA
HKG
IDN
IND
ISR
ITA
JPN
KEN
KOR
LKA
MAC
MYS
NGA
NLD
NOR
NZL
PAK
PER
PHL
PRC
PRK
PRT
ROC
RUS
SAU
SGP
SWE
THA
TUR
USA
VNM
ZAF
ATM
UK
MX
